<?xml version="1.0" encoding="utf-8"?>
<EVEIPH Version="3.3">
  <LastUpdated>10/30/2016 12:19:43 PM</LastUpdated>
  <result>
    <rowset name="filelist" key="version" columns="Name,Version,MD5,URL">
      <row Name="EVE Isk per Hour.exe" Version="3.3" MD5="3fd8f5ee62791a91be550615825f6313" URL="https://raw.githubusercontent.com/EVEIPH/LatestFiles/master/EVE%20Isk%20per%20Hour.exe" />
      <row Name="EVEIPH Updater.exe" Version="2.0" MD5="43f983cb62447ca3411bab866dd64dae" URL="https://raw.githubusercontent.com/EVEIPH/LatestFiles/master/EVEIPH%20Updater.exe" />
      <row Name="EVEIPH DB.s3db" Version="YC_118.9.1.1" MD5="260f8314829e5c184b724f659f6389d1" URL="https://raw.githubusercontent.com/EVEIPH/LatestFiles/master/EVEIPH%20DB.s3db" />
      <row Name="EVEIPH Images.zip" Version="YC-118-9_1.0" MD5="605b81b3a87d8e15cc71c9f9980908f0" URL="https://raw.githubusercontent.com/EVEIPH/LatestFiles/master/EVEIPH%20Images.zip" />
      <row Name="Newtonsoft.Json.dll" Version="6.03" MD5="e6ec270f6dcdcf4784ca23d8b173a109" URL="https://raw.githubusercontent.com/EVEIPH/LatestFiles/master/Newtonsoft.Json.dll" />
      <row Name="System.Data.SQLite.dll" Version="1.07.9.0" MD5="ce6481b5bb8c8e9b20df8e49e10f7941" URL="https://raw.githubusercontent.com/EVEIPH/LatestFiles/master/System.Data.SQLite.dll" />
      <row Name="EVEIPH Updater.exe.manifest" Version="1.0" MD5="82312969f8bd80ed78f48b1f155bc184" URL="https://raw.githubusercontent.com/EVEIPH/LatestFiles/master/EVEIPH%20Updater.exe.manifest" />
      <row Name="EVE Isk per Hour.exe.manifest" Version="1.0" MD5="2c46dd672a0f794ae364160bde1d7cc0" URL="https://raw.githubusercontent.com/EVEIPH/LatestFiles/master/EVE%20Isk%20per%20Hour.exe.manifest" />
      <row Name="MoreLinq.Portable.dll" Version="1.4" MD5="be28a33f7f2f7371f69c15d158e882ea" URL="https://raw.githubusercontent.com/EVEIPH/LatestFiles/master/MoreLinq.Portable.dll" />
    </rowset>
  </result>
</EVEIPH>