<?xml version="1.0" encoding="utf-8"?>
<EVEIPH Version="5.0">
  <LastUpdated>7/13/2024 10:56:46 AM</LastUpdated>
  <result>
    <rowset name="filelist" key="version" columns="Name,Version,MD5,URL">
      <row Name="EVE Isk per Hour.exe" Version="5.0.8960.19313" MD5="7693ad641dbc4d2fa5bb8849b63fad95" URL="https://raw.githubusercontent.com/EVEIPH/LatestFiles/master/EVE%20Isk%20per%20Hour.exe" />
      <row Name="EVEIPH Updater.exe" Version="3.0.0.0" MD5="083882e6ea547a2fd332960f060f4a8d" URL="https://raw.githubusercontent.com/EVEIPH/LatestFiles/master/EVEIPH%20Updater.exe" />
      <row Name="EVEIPH DB.sqlite" Version="July_12_2024" MD5="a298612811d732228ebe08576e5b9ccb" URL="https://raw.githubusercontent.com/EVEIPH/LatestFiles/master/EVEIPH%20DB.sqlite" />
      <row Name="EVEIPH Images.zip" Version="1.0" MD5="54a3c92cbe14b54b3e0e23e5fc0ac010" URL="https://raw.githubusercontent.com/EVEIPH/LatestFiles/master/EVEIPH%20Images.zip" />
      <row Name="Newtonsoft.Json.dll" Version="13.0.3.27908" MD5="195ffb7167db3219b217c4fd439eedd6" URL="https://raw.githubusercontent.com/EVEIPH/LatestFiles/master/Newtonsoft.Json.dll" />
      <row Name="System.Data.SQLite.dll" Version="1.0.116.0" MD5="147328def2e79a86d7335a661eecc051" URL="https://raw.githubusercontent.com/EVEIPH/LatestFiles/master/System.Data.SQLite.dll" />
      <row Name="SQLite.Interop.dll" Version="1.0.116.0" MD5="9b68a8d0393fbce1976c19107422f097" URL="https://raw.githubusercontent.com/EVEIPH/LatestFiles/master/SQLite.Interop.dll" />
      <row Name="EVEIPH Updater.exe.manifest" Version="1.0" MD5="8c87e91665f3edecd96af7cea24bff4a" URL="https://raw.githubusercontent.com/EVEIPH/LatestFiles/master/EVEIPH%20Updater.exe.manifest" />
      <row Name="EVE Isk per Hour.exe.manifest" Version="1.0" MD5="13d337b19e00570b85a9c6c9141d2dc4" URL="https://raw.githubusercontent.com/EVEIPH/LatestFiles/master/EVE%20Isk%20per%20Hour.exe.manifest" />
      <row Name="LpSolveDotNet.dll" Version="4.0.0.0" MD5="dcc6c65b3af824316b73eeffa4cafbd1" URL="https://raw.githubusercontent.com/EVEIPH/LatestFiles/master/LpSolveDotNet.dll" />
      <row Name="lpsolve55.dll" Version="5, 5, 2, 5" MD5="de8da5d23a66dd62a0a4d3a291d2426b" URL="https://raw.githubusercontent.com/EVEIPH/LatestFiles/master/lpsolve55.dll" />
    </rowset>
  </result>
</EVEIPH>