<?xml version="1.0" encoding="utf-8"?>
<EVEIPH Version="5.0">
  <LastUpdated>3/3/2024 10:12:26 PM</LastUpdated>
  <result>
    <rowset name="filelist" key="version" columns="Name,Version,MD5,URL">
      <row Name="EVE Isk per Hour.exe" Version="5.0.8828.39896" MD5="9dcb34829dd3caccf8dda537cd0a24d1" URL="https://raw.githubusercontent.com/EVEIPH/LatestFiles/master/EVE%20Isk%20per%20Hour.exe" />
      <row Name="EVEIPH Updater.exe" Version="3.0.0.0" MD5="bece6aeb9ef1a802a2ff404e8750ee30" URL="https://raw.githubusercontent.com/EVEIPH/LatestFiles/master/EVEIPH%20Updater.exe" />
      <row Name="EVEIPH DB.sqlite" Version="February_27_2024" MD5="a91b56fc8bbaff0c6a107f57ec37715c" URL="https://raw.githubusercontent.com/EVEIPH/LatestFiles/master/EVEIPH%20DB.sqlite" />
      <row Name="EVEIPH Images.zip" Version="1.0" MD5="eb7f31bdc01f52bba389902b70239be9" URL="https://raw.githubusercontent.com/EVEIPH/LatestFiles/master/EVEIPH%20Images.zip" />
      <row Name="Newtonsoft.Json.dll" Version="13.0.3.27908" MD5="195ffb7167db3219b217c4fd439eedd6" URL="https://raw.githubusercontent.com/EVEIPH/LatestFiles/master/Newtonsoft.Json.dll" />
      <row Name="System.Data.SQLite.dll" Version="1.0.116.0" MD5="147328def2e79a86d7335a661eecc051" URL="https://raw.githubusercontent.com/EVEIPH/LatestFiles/master/System.Data.SQLite.dll" />
      <row Name="SQLite.Interop.dll" Version="1.0.116.0" MD5="9b68a8d0393fbce1976c19107422f097" URL="https://raw.githubusercontent.com/EVEIPH/LatestFiles/master/SQLite.Interop.dll" />
      <row Name="EVEIPH Updater.exe.manifest" Version="1.0" MD5="8c87e91665f3edecd96af7cea24bff4a" URL="https://raw.githubusercontent.com/EVEIPH/LatestFiles/master/EVEIPH%20Updater.exe.manifest" />
      <row Name="EVE Isk per Hour.exe.manifest" Version="1.0" MD5="13d337b19e00570b85a9c6c9141d2dc4" URL="https://raw.githubusercontent.com/EVEIPH/LatestFiles/master/EVE%20Isk%20per%20Hour.exe.manifest" />
      <row Name="LpSolveDotNet.dll" Version="4.0.0.0" MD5="dcc6c65b3af824316b73eeffa4cafbd1" URL="https://raw.githubusercontent.com/EVEIPH/LatestFiles/master/LpSolveDotNet.dll" />
      <row Name="lpsolve55.dll" Version="5, 5, 2, 5" MD5="de8da5d23a66dd62a0a4d3a291d2426b" URL="https://raw.githubusercontent.com/EVEIPH/LatestFiles/master/lpsolve55.dll" />
    </rowset>
  </result>
</EVEIPH>