<?xml version="1.0" encoding="utf-8"?>
<EVEIPH Version="4.0">
  <LastUpdated>11/17/2018 1:54:23 AM</LastUpdated>
  <result>
    <rowset name="filelist" key="version" columns="Name,Version,MD5,URL">
      <row Name="EVE Isk per Hour.exe" Version="4.0.6895.3420" MD5="fd05cd39d82c6407d502314197994a87" URL="https://raw.githubusercontent.com/EVEIPH/LatestFiles/master/EVE%20Isk%20per%20Hour.exe" />
      <row Name="EVEIPH Updater.exe" Version="3.0.0.0" MD5="05a5d4e388c712362ca8f246b11df3e0" URL="https://raw.githubusercontent.com/EVEIPH/LatestFiles/master/EVEIPH%20Updater.exe" />
      <row Name="EVEIPH DB.sqlite" Version="Onslaught_1.0_2018" MD5="854cc01f21407b0e05c9a9f555246c6b" URL="https://raw.githubusercontent.com/EVEIPH/LatestFiles/master/EVEIPH%20DB.sqlite" />
      <row Name="EVEIPH Images.zip" Version="Onslaught_1.0" MD5="f076f4e88047a75fa3322ceec1ae03ba" URL="https://raw.githubusercontent.com/EVEIPH/LatestFiles/master/EVEIPH%20Images.zip" />
      <row Name="Newtonsoft.Json.dll" Version="11.0.2.21924" MD5="5afda7c7d4f7085e744c2e7599279db3" URL="https://raw.githubusercontent.com/EVEIPH/LatestFiles/master/Newtonsoft.Json.dll" />
      <row Name="System.Data.SQLite.dll" Version="1.0.79.0" MD5="ce6481b5bb8c8e9b20df8e49e10f7941" URL="https://raw.githubusercontent.com/EVEIPH/LatestFiles/master/System.Data.SQLite.dll" />
      <row Name="EVEIPH Updater.exe.manifest" Version="1.0" MD5="8c87e91665f3edecd96af7cea24bff4a" URL="https://raw.githubusercontent.com/EVEIPH/LatestFiles/master/EVEIPH%20Updater.exe.manifest" />
      <row Name="EVE Isk per Hour.exe.manifest" Version="1.0" MD5="13d337b19e00570b85a9c6c9141d2dc4" URL="https://raw.githubusercontent.com/EVEIPH/LatestFiles/master/EVE%20Isk%20per%20Hour.exe.manifest" />
      <row Name="MoreLinq.Portable.dll" Version="1.4.18916.839" MD5="be28a33f7f2f7371f69c15d158e882ea" URL="https://raw.githubusercontent.com/EVEIPH/LatestFiles/master/MoreLinq.Portable.dll" />
      <row Name="GoogleAnalyticsTracker.Core.dll" Version="4.0.0.0" MD5="053bb4072ffd34a855f453394148eb2c" URL="https://raw.githubusercontent.com/EVEIPH/LatestFiles/master/GoogleAnalyticsTracker.Core.dll" />
      <row Name="GoogleAnalyticsTracker.Simple.dll" Version="4.0.0.0" MD5="1579ed22dd1dd04542b293dcdacdb47e" URL="https://raw.githubusercontent.com/EVEIPH/LatestFiles/master/GoogleAnalyticsTracker.Simple.dll" />
    </rowset>
  </result>
</EVEIPH>