<?xml version="1.0" encoding="utf-8"?>
<EVEIPH Version="4.0">
  <LastUpdated>9/29/2018 8:26:32 PM</LastUpdated>
  <result>
    <rowset name="filelist" key="version" columns="Name,Version,MD5,URL">
      <row Name="EVE Isk per Hour.exe" Version="4.0.6846.36781" MD5="def4db191dfbc941105ccb15cb0587ea" URL="https://raw.githubusercontent.com/EVEIPH/LatestFiles/master/EVE%20Isk%20per%20Hour.exe" />
      <row Name="EVEIPH Updater.exe" Version="3.0.0.0" MD5="36d8cab860a2ca46862c8183b4adfcea" URL="https://raw.githubusercontent.com/EVEIPH/LatestFiles/master/EVEIPH%20Updater.exe" />
      <row Name="EVEIPH DB.sqlite" Version="September_Release_2018" MD5="8b2082f0f2c691546a641219234b3589" URL="https://raw.githubusercontent.com/EVEIPH/LatestFiles/master/EVEIPH%20DB.sqlite" />
      <row Name="EVEIPH Images.zip" Version="September_Release_2018_1.0" MD5="3ccc51850a7c2682fc38b5f08ee30baa" URL="https://raw.githubusercontent.com/EVEIPH/LatestFiles/master/EVEIPH%20Images.zip" />
      <row Name="Newtonsoft.Json.dll" Version="11.0.2.21924" MD5="5afda7c7d4f7085e744c2e7599279db3" URL="https://raw.githubusercontent.com/EVEIPH/LatestFiles/master/Newtonsoft.Json.dll" />
      <row Name="System.Data.SQLite.dll" Version="1.0.79.0" MD5="ce6481b5bb8c8e9b20df8e49e10f7941" URL="https://raw.githubusercontent.com/EVEIPH/LatestFiles/master/System.Data.SQLite.dll" />
      <row Name="EVEIPH Updater.exe.manifest" Version="1.0" MD5="8c87e91665f3edecd96af7cea24bff4a" URL="https://raw.githubusercontent.com/EVEIPH/LatestFiles/master/EVEIPH%20Updater.exe.manifest" />
      <row Name="EVE Isk per Hour.exe.manifest" Version="1.0" MD5="13d337b19e00570b85a9c6c9141d2dc4" URL="https://raw.githubusercontent.com/EVEIPH/LatestFiles/master/EVE%20Isk%20per%20Hour.exe.manifest" />
      <row Name="MoreLinq.Portable.dll" Version="1.4.18916.839" MD5="be28a33f7f2f7371f69c15d158e882ea" URL="https://raw.githubusercontent.com/EVEIPH/LatestFiles/master/MoreLinq.Portable.dll" />
      <row Name="GoogleAnalyticsTracker.Core.dll" Version="4.0.0.0" MD5="053bb4072ffd34a855f453394148eb2c" URL="https://raw.githubusercontent.com/EVEIPH/LatestFiles/master/GoogleAnalyticsTracker.Core.dll" />
      <row Name="GoogleAnalyticsTracker.Simple.dll" Version="4.0.0.0" MD5="1579ed22dd1dd04542b293dcdacdb47e" URL="https://raw.githubusercontent.com/EVEIPH/LatestFiles/master/GoogleAnalyticsTracker.Simple.dll" />
    </rowset>
  </result>
</EVEIPH>