<?xml version="1.0" encoding="utf-8"?>
<EVEIPH Version="4.0">
  <LastUpdated>7/28/2021 9:44:25 PM</LastUpdated>
  <result>
    <rowset name="filelist" key="version" columns="Name,Version,MD5,URL">
      <row Name="EVE Isk per Hour.exe" Version="4.0.7879.39091" MD5="326a700fe12e5287b0299a287d878a49" URL="https://raw.githubusercontent.com/EVEIPH/LatestFiles/master/EVE%20Isk%20per%20Hour.exe" />
      <row Name="EVEIPH Updater.exe" Version="3.0.0.0" MD5="7d6343a1da5d157a3a5ea39ca4f35725" URL="https://raw.githubusercontent.com/EVEIPH/LatestFiles/master/EVEIPH%20Updater.exe" />
      <row Name="EVEIPH DB.sqlite" Version="July_13_2021_Release" MD5="3f9d6bf14719f127ec3db09753c7b73d" URL="https://raw.githubusercontent.com/EVEIPH/LatestFiles/master/EVEIPH%20DB.sqlite" />
      <row Name="EVEIPH Images.zip" Version="1.0" MD5="130c1e677919df1f974f7789d67fc0ac" URL="https://raw.githubusercontent.com/EVEIPH/LatestFiles/master/EVEIPH%20Images.zip" />
      <row Name="Newtonsoft.Json.dll" Version="12.0.1.22727" MD5="d827dd8a8c4b2a2cfa23c7f90f3cce95" URL="https://raw.githubusercontent.com/EVEIPH/LatestFiles/master/Newtonsoft.Json.dll" />
      <row Name="System.Data.SQLite.dll" Version="1.0.109.0" MD5="1cb1fffea4b449fff2e56a52d7e1f4e4" URL="https://raw.githubusercontent.com/EVEIPH/LatestFiles/master/System.Data.SQLite.dll" />
      <row Name="SQLite.Interop.dll" Version="1.0.109.0" MD5="5f001a1b09175d75165039b433ce17ba" URL="https://raw.githubusercontent.com/EVEIPH/LatestFiles/master/SQLite.Interop.dll" />
      <row Name="EVEIPH Updater.exe.manifest" Version="1.0" MD5="8c87e91665f3edecd96af7cea24bff4a" URL="https://raw.githubusercontent.com/EVEIPH/LatestFiles/master/EVEIPH%20Updater.exe.manifest" />
      <row Name="EVE Isk per Hour.exe.manifest" Version="1.0" MD5="13d337b19e00570b85a9c6c9141d2dc4" URL="https://raw.githubusercontent.com/EVEIPH/LatestFiles/master/EVE%20Isk%20per%20Hour.exe.manifest" />
      <row Name="MoreLinq.Portable.dll" Version="1.4.18916.839" MD5="be28a33f7f2f7371f69c15d158e882ea" URL="https://raw.githubusercontent.com/EVEIPH/LatestFiles/master/MoreLinq.Portable.dll" />
      <row Name="GoogleAnalyticsClientDotNet.Net45.dll" Version="1.0.0.23" MD5="de838ea2720e2506d09bcd31dd6b23e9" URL="https://raw.githubusercontent.com/EVEIPH/LatestFiles/master/GoogleAnalyticsClientDotNet.Net45.dll" />
    </rowset>
  </result>
</EVEIPH>