<?xml version="1.0" encoding="utf-8"?>
<EVEIPH Version="4.0">
  <LastUpdated>9/8/2018 9:35:30 PM</LastUpdated>
  <result>
    <rowset name="filelist" key="version" columns="Name,Version,MD5,URL">
      <row Name="EVE Isk per Hour.exe" Version="4.0" MD5="34db47c21acfee6b44b88e0342dde295" URL="https://raw.githubusercontent.com/EVEIPH/LatestFiles/master/EVE%20Isk%20per%20Hour.exe" />
      <row Name="EVEIPH Updater.exe" Version="2.0" MD5="349837f448aa5e881d3355ac2ff3c73f" URL="https://raw.githubusercontent.com/EVEIPH/LatestFiles/master/EVEIPH%20Updater.exe" />
      <row Name="EVEIPH DB.sqlite" Version="August_Release_2018" MD5="8a1bb37a40bdb63a15a057fa9d6206c3" URL="https://raw.githubusercontent.com/EVEIPH/LatestFiles/master/EVEIPH%20DB.sqlite" />
      <row Name="EVEIPH Images.zip" Version="August_Release_2018_1.0" MD5="77e8cf4afd32a13e25ba93065bd90cdf" URL="https://raw.githubusercontent.com/EVEIPH/LatestFiles/master/EVEIPH%20Images.zip" />
      <row Name="Newtonsoft.Json.dll" Version="6.03" MD5="e6ec270f6dcdcf4784ca23d8b173a109" URL="https://raw.githubusercontent.com/EVEIPH/LatestFiles/master/Newtonsoft.Json.dll" />
      <row Name="System.Data.SQLite.dll" Version="1.07.9.0" MD5="ce6481b5bb8c8e9b20df8e49e10f7941" URL="https://raw.githubusercontent.com/EVEIPH/LatestFiles/master/System.Data.SQLite.dll" />
      <row Name="EVEIPH Updater.exe.manifest" Version="1.0" MD5="8c87e91665f3edecd96af7cea24bff4a" URL="https://raw.githubusercontent.com/EVEIPH/LatestFiles/master/EVEIPH%20Updater.exe.manifest" />
      <row Name="EVE Isk per Hour.exe.manifest" Version="1.0" MD5="13d337b19e00570b85a9c6c9141d2dc4" URL="https://raw.githubusercontent.com/EVEIPH/LatestFiles/master/EVE%20Isk%20per%20Hour.exe.manifest" />
      <row Name="MoreLinq.Portable.dll" Version="1.4" MD5="be28a33f7f2f7371f69c15d158e882ea" URL="https://raw.githubusercontent.com/EVEIPH/LatestFiles/master/MoreLinq.Portable.dll" />
    </rowset>
  </result>
</EVEIPH>